First Name,Last Name,End Team,Pos,GP,NHL PPG,Last Year League,Last year PPG,ESG,ESA,ESP,ESP/60,55G,55A1,55A2,ESShot,ESMiss,ESBlked,ESChances,ESSh%,ESCoSH%,ESTOI,ESTOI/G,55TOI,55TOI/G,55TOF,55TOF/G,ES%,ESPass,ESBlk,ESHitF,ESHitA,ESGive,ESTake,ESIGP,ESIAP,ESIPP,ESOZFO,ESOZ%,ESDZFO,ESDZ%,ESNZFO,ESNZ%,OZ%,OZRk,RelOZ%,T-QoC,T-QoC Rk,RCQoC,QoCRk,CQoC ,Cor%QoC,T-QoT,RCQoT,CQoT ,Cor%QoT,ESOISH%,ESOISV%,PDO,SPD,TmESGF/60,TmESGA/60,TmESSF/60,TmESSA/60,TmESCF/60,TmESCA/60,Corsi,TmESGF,TmESGA,TmESSVA,TmESSVF,TmESMF,TmESMA,TmESBA,TmESBF,TmESSCF`,TmESSCA,ESSC%,ESRelSC%,Adj Corsi,oTmESGF/60,oTmESGA/60,oTmESSF/60,oTmESSA/60,oTmESCF/60,oTmESCA/60,RelC,AltTOff,oTmESGF,oTmESGA,oTmESSVA,oTmESSVF,oTmESMF,oTmESMA,oTmESBA,oTmESBF,ESPenT,ESPenD,ESPPD,ESPenT/60,ESPenD/60,ESPPD/60,ExpGF,ExpGA,TmGFOff,TmGAOff,TmExpGFOff,TmExpGAOff,ESFOW,ESFOL,ESFO%,NGPF,NSAPF,ESOffFOT,ESNeutFOT,ESDefFOT,BTN Code,WOI Code
Artemi,Panarin,CHI,LW,80,0.9625,KHL,1.148148148,22,31,53,2.54,18,11,12,126,45,64,143,17.5%,9.4%,75211,15.7,1162.1,14.5,2726.9,34.1,29.9%,120,12,42,107,32,25,33.3%,42.6%,75.9%,404,44.3%,132,14.5%,376,41.2%,75.4%,16,31.2,17.82,5,.77,5,.78,50.26,19.08,.58,2.43,51.22,9.2%,.911,1003,0.3%,2.79,2.63,30.3,29.7,58.0,53.8,4.2,54,51,533,525,204,197,332,269,494,524,48.5%,-2.2,-3.6,2.04,2.15,29.6,29.5,55.5,54.0,2.7,3883.966667,132,139,1786,1773,670,675,1002,907,10,13,3,0.48,0.62,0.14,45.7,50.3,32.2,45.3,42.4,55.4,0,0, ,0,0,0,0,0,ARTEMIPANARIN,Artemi.Panarin
Jack,Eichel,BUF,C,81,0.691358025,NCAA,1.775,16,19,35,1.65,12,12,5,156,64,65,154,10.3%,5.6%,76323,15.7,1186.7,14.7,2760.4,34.1,30.1%,167,23,39,72,35,39,30.8%,43.6%,74.4%,383,36.3%,334,31.6%,339,32.1%,53.4%,13,8.3,17.42,5,.27,9,.41,50.23,18.23,1.14,-4.22,46.69,7.2%,.923,995,-0.5%,1.97,2.53,27.4,32.9,50.6,57.5,-6.9,39,50,503,601,198,223,261,264,498,543,47.8%,-1.6,-3.2,1.82,2.22,27.7,29.8,50.1,55.0,-2.0,3924.983333,119,145,1696,1806,652,778,808,871,9,18,9,0.42,0.85,0.42,39.7,48.5,31.4,40.4,38.9,37.5,378,535,41.4%,0.19,-19.24,258,308,286,JACKEICHEL,Jack.Eichel
Max,Domi,ARI,LW/C,81,0.641975309,OHL,1.789473684,15,21,36,2.03,13,14,5,90,48,50,118,16.7%,8.0%,63798,13.1,1010.7,12.5,2714.0,33.5,27.1%,148,22,32,71,28,23,28.9%,42.2%,71.1%,364,35.8%,278,27.3%,376,36.9%,56.7%,13,11.9,17.51,4,.60,6,.80,50.44,18.03,1.16,-5.86,48.14,9.4%,.944,1038,3.8%,2.67,1.84,28.3,32.9,53.4,61.5,-8.1,45,31,432,523,196,229,227,253,452,518,46.6%,0.5,-3.1,2.02,2.18,26.7,30.7,51.4,58.3,-1.2,3717.966667,125,135,1528,1766,700,832,834,879,12,17,5,0.68,0.96,0.28,36.7,41.2,22.7,42.6,30.1,40.0,11,21,34.4%,-0.11,-0.63,17,9,2,MAXDOMI,Max.Domi
Connor,McDavid,EDM,C,45,1.066666667,OHL,2.553191489,13,21,34,2.99,12,9,8,64,21,13,92,20.3%,13.3%,40878,15.1,633.2,14.1,1494.0,33.2,29.8%,89,10,10,38,9,24,33.3%,47.2%,80.6%,198,32.6%,197,32.4%,213,35.0%,50.1%,10,4.2,17.78,6,.57,6,.49,50.26,17.84,.95,-1.22,49.31,10.2%,.890,992,-0.8%,3.41,3.32,33.5,30.1,60.3,56.2,4.1,36,35,318,283,124,127,158,148,360,315,53.3%,4.9,5.7,2.15,2.67,28.3,30.5,53.9,57.5,7.7,2090.083333,75,93,910,968,364,410,528,533,6,15,9,0.53,1.32,0.79,30.1,26.8,10.5,32.0,20.0,25.9,236,344,40.7%,0.84,-10.8,186,207,162,CONNORMCDAVID,Connor.McDavid
Shayne,Gostisbehere,PHI,D,64,0.71875,NCAA,0.80952381,9,15,24,1.41,7,8,4,67,40,58,48,13.4%,5.5%,61384,16.0,952.9,14.9,2050.0,32.0,31.7%,84,48,26,36,42,24,15.6%,26.7%,42.2%,349,40.1%,224,25.7%,298,34.2%,60.9%,8,15.7,17.19,6,-.25,6,.21,50.26,16.63,.19,1.60,49.88,9.6%,.936,1031,3.1%,2.83,1.89,29.6,29.3,57.2,57.0,0.1,45,30,425,436,177,174,261,266,423,443,48.8%,-1.7,-4.0,2.10,1.98,29.5,29.6,58.3,56.1,-2.0,3002.033333,105,99,1373,1384,595,505,842,819,9,8,-1,0.53,0.47,-0.06,34.0,37.2,38.1,30.4,33.2,38.6,1,0,100.0%,0,0,0,1,0,SHAYNEGOSTISBEHERE,Shayne.Gostisbehere
Dylan,Larkin,DET,C,80,0.5625,NCAA,1.342857143,19,21,40,2.08,18,12,6,153,60,72,160,12.4%,6.7%,69101,14.4,1062.0,13.3,2697.8,33.7,28.2%,138,21,59,84,27,36,38.3%,38.3%,76.6%,368,38.6%,239,25.1%,347,36.4%,60.6%,12,9.0,17.68,4,.52,6,-.05,50.14,18.31,-.53,3.10,51.86,8.7%,.934,1021,2.1%,2.66,2.09,30.5,31.6,56.7,52.5,4.2,47,37,493,523,211,191,253,179,507,490,50.9%,-0.2,-1.6,2.01,2.14,28.9,29.2,53.1,49.4,0.5,3765.333333,126,134,1687,1701,702,655,818,610,7,15,8,0.36,0.78,0.42,42.9,39.2,26.5,43.3,40.8,40.3,33,48,40.7%,-0.1,-9.62,31,27,16,DYLANLARKIN,Dylan.Larkin
Anthony,Duclair,ARI,LW/RW,81,0.543209877,QMJHL,1.307692308,12,20,32,2.05,12,10,9,57,35,22,93,21.1%,10.5%,56074,11.5,919.7,11.4,2796.9,34.5,24.7%,91,26,23,78,16,22,25.0%,39.6%,64.6%,352,39.7%,227,25.6%,307,34.7%,60.8%,15,17.4,17.38,8,.27,11,.61,50.37,18.04,1.78,-5.70,48.25,11.0%,.938,1048,4.8%,3.13,1.83,28.5,29.5,55.3,56.0,-0.7,48,28,389,424,198,202,213,204,400,430,48.2%,2.7,3.0,2.00,2.09,26.7,30.8,51.3,58.7,6.8,3710.95,124,129,1528,1779,698,839,822,884,14,19,5,0.90,1.22,0.32,32.9,34.0,23.8,31.5,29.2,38.3,0,1,0.0%,0,0,0,0,0,ANTHONYDUCLAIR,Anthony.Duclair
Sam,Reinhart,BUF,C/RW,79,0.53164557,WHL,1.382978723,15,17,32,1.75,13,10,6,110,40,45,137,13.6%,7.7%,65779,13.9,1047.3,13.3,2802.5,35.5,27.2%,143,24,25,111,18,18,35.1%,43.2%,78.4%,340,33.8%,317,31.5%,350,34.8%,51.8%,12,5.4,17.74,2,.71,6,.97,50.44,18.83,.60,-4.56,46.91,7.0%,.922,992,-0.8%,2.12,2.29,30.3,29.6,54.5,52.5,2.0,37,40,492,476,183,186,240,215,485,429,53.1%,6.0,7.0,1.80,2.20,27.8,29.7,50.0,54.9,6.9,3826.7,115,140,1659,1752,630,757,782,852,3,11,8,0.16,0.60,0.44,38.8,38.7,36.2,52.6,34.3,39.3,30,70,30.0%,-1.02,-1.49,32,36,30,SAMREINHART,Sam.Reinhart
Nikolaj,Ehlers,WPG,RW/LW,72,0.527777778,QMJHL,1.960784314,11,16,27,1.63,10,10,4,127,61,51,133,8.7%,4.6%,59515,13.8,956.2,13.3,2438.8,33.9,28.2%,122,23,29,61,27,20,24.4%,34.1%,58.5%,323,36.0%,257,28.7%,317,35.3%,55.7%,14,5.2,17.41,6,.62,7,.54,50.45,18.65,3.25,5.35,52.33,8.2%,.922,1004,0.4%,2.57,2.13,31.5,27.3,59.5,51.3,8.2,41,34,461,401,205,156,241,227,448,394,53.2%,3.4,1.9,2.23,2.14,29.1,27.6,54.9,52.1,5.4,3391.55,126,121,1517,1437,644,624,814,764,4,17,13,0.24,1.03,0.79,40.4,34.3,47.6,26.3,42.6,35.5,0,2,0.0%,-0.01,-0.24,1,0,0,NIKOLAJEHLERS,Nikolaj.Ehlers
Robby,Fabbri,STL,C,72,0.513888889,OHL,1.7,16,13,29,2.04,15,3,8,86,37,32,117,18.6%,10.3%,51239,11.9,832.8,11.6,2621.3,36.4,24.1%,37,9,46,68,19,26,41.7%,30.6%,72.2%,250,34.7%,222,30.8%,249,34.5%,53.0%,12,5.6,17.18,10,.03,12,-.07,50.01,17.89,-.04,3.39,51.74,8.1%,.917,998,-0.2%,2.59,2.45,32.2,29.7,58.0,53.0,5.0,36,34,411,378,145,139,213,185,415,368,53.0%,3.0,0.7,2.02,1.86,29.6,28.2,54.3,52.0,2.6,3449.533333,116,107,1588,1512,629,585,790,785,9,16,7,0.63,1.12,0.49,38.9,34.9,20.9,26.6,28.6,33.7,6,7,46.2%,-0.04,0.55,8,3,2,ROBBYFABBRI,Robby.Fabbri
Sam,Bennett,CGY,C,77,0.467532468,OHL,2.181818182,15,13,28,1.66,14,9,4,92,39,50,136,16.3%,8.3%,60783,13.2,965.9,12.5,2763.7,35.9,25.9%,105,29,101,63,22,32,35.9%,33.3%,69.2%,298,33.4%,254,28.5%,340,38.1%,54.0%,10,6.6,17.32,7,.12,8,.42,50.29,17.72,1.03,-3.05,47.77,8.6%,.919,1005,0.5%,2.42,2.42,28.2,29.8,55.1,58.0,-2.9,39,39,415,441,173,200,260,254,459,433,51.5%,2.8,-0.5,2.31,2.52,28.4,28.5,53.3,57.2,1.0,3709.15,143,156,1610,1605,650,761,894,1016,13,24,11,0.77,1.42,0.65,36.0,34.9,32.0,57.2,34.8,41.0,150,176,46.0%,-0.08,-2.66,103,128,92,SAMBENNETT,Sam.Bennett
Joonas,Donskoi,SJS,RW/LW,76,0.473684211,SM-Liiga,0.844827586,8,20,28,1.75,8,12,7,83,35,35,137,9.6%,5.2%,57574,12.6,939.2,12.4,2720.8,35.8,25.7%,143,42,28,142,34,29,20.0%,47.5%,67.5%,270,31.5%,267,31.1%,321,37.4%,50.3%,10,1.6,17.36,10,.25,10,-.63,49.54,18.12,-.12,3.28,51.53,8.4%,.919,1002,0.2%,2.56,2.04,30.5,25.1,58.1,50.6,7.5,40,32,438,361,184,152,248,247,501,351,58.8%,6.5,3.5,2.24,1.97,28.7,25.8,55.1,51.5,3.9,3661.516667,137,120,1615,1453,716,614,895,953,7,12,5,0.44,0.75,0.31,43.5,31.2,41.2,28.9,34.9,32.4,1,1,50.0%,-0.01,1.52,2,0,0,JOONASDONSKOI,Joonas.Donskoi
Colton,Parayko,STL,D,79,0.417721519,NCAA,0.676470588,6,20,26,1.18,5,12,7,122,57,89,57,4.9%,2.2%,79531,16.8,1277.1,16.2,2488.6,31.5,33.9%,135,104,94,144,15,29,8.3%,31.7%,40.0%,414,32.9%,396,31.5%,448,35.6%,51.1%,6,3.2,17.2,5,.22,5,.10,49.99,16.44,-.54,3.05,51.78,8.9%,.935,1024,2.4%,2.82,1.64,31.8,25.5,58.5,47.5,11.0,60,35,616,507,246,195,323,274,616,509,54.8%,3.9,7.7,2.17,1.90,30.6,27.7,56.1,51.4,6.3,3762.066667,136,119,1783,1618,706,640,890,843,6,7,1,0.27,0.32,0.05,53.2,44.3,41.7,44.3,53.1,49.4,0,0, ,0,0,0,0,0,COLTONPARAYKO,Colton.Parayko
Mattias,Janmark,DAL,C,73,0.397260274,SweHL,0.654545455,14,13,27,1.69,12,9,4,85,44,46,132,16.5%,8.0%,57442,13.1,915.8,12.5,2597.1,35.6,26.1%,104,20,4,85,34,26,27.3%,29.5%,56.8%,305,35.3%,261,30.2%,297,34.4%,53.9%,10,3.3,17.31,8,.35,10,-.43,49.91,17.66,.86,6.42,53.35,8.7%,.924,1011,1.1%,2.88,2.23,33.2,29.4,63.0,53.8,9.2,44,34,463,415,216,173,238,199,511,411,55.4%,2.6,1.3,2.49,2.35,31.4,28.5,61.6,55.1,2.7,3494.05,145,137,1681,1520,804,735,958,819,7,6,-1,0.44,0.38,-0.06,39.8,37.4,29.9,41.9,38.8,40.0,86,152,36.1%,-0.13,-9.59,80,85,61,MAGNUSJANMARK-NYLEN,Mattias.Janmark-Nylen
Oscar,Lindberg,NYR,C,68,0.411764706,AHL,0.746666667,12,13,25,2.00,10,9,4,92,36,24,90,13.0%,7.9%,44998,11.0,740.2,10.9,2564.8,37.7,22.4%,110,30,125,78,12,13,34.5%,44.8%,79.3%,221,36.5%,145,23.9%,240,39.6%,60.4%,12,12.5,17.06,10,-.02,12,-.32,49.85,17.16,1.54,-4.13,48.47,8.2%,.951,1033,3.3%,2.35,1.46,28.7,29.6,51.0,55.3,-4.3,29,18,325,347,136,148,139,169,293,328,47.2%,0.6,-3.1,2.47,1.80,27.0,29.0,50.8,56.2,1.1,3305.05,136,99,1350,1497,609,653,705,848,14,7,-7,1.12,0.56,-0.56,28.3,29.8,26.7,24.6,30.6,30.3,120,131,47.8%,-1.49,1.6,116,83,44,OSCARLINDBERG,Oscar.Lindberg
Ben,Hutton,VAN,D,75,0.333333333,NCAA,0.538461538,1,17,18,0.86,1,9,6,69,24,59,38,1.4%,0.7%,75055,16.7,1161.8,15.5,2462.6,32.8,32.1%,152,82,38,101,46,25,3.2%,48.4%,51.6%,345,33.8%,315,30.8%,362,35.4%,52.3%,5,2.9,17.23,6,-.13,7,.31,49.89,16.21,.04,-5.56,48.28,5.9%,.931,990,-1.0%,1.60,2.22,27.0,32.1,49.6,57.8,-8.2,31,43,492,578,198,238,240,261,470,603,43.8%,-2.3,-3.0,1.91,2.35,27.8,31.3,49.8,55.6,-2.5,3618.2,115,142,1559,1746,579,693,753,771,6,11,5,0.29,0.53,0.24,41.4,50.9,50.9,59.1,46.5,50.3,0,0, ,0,0,0,0,0,BENHUTTON,Ben.Hutton
Jordan,Martinook,ARI,LW/C,81,0.296296296,AHL,0.693548387,8,13,21,1.27,7,9,3,87,47,42,118,9.2%,4.5%,59550,12.3,956.2,11.8,2769.4,34.2,25.7%,146,23,49,100,12,37,26.9%,46.2%,73.1%,244,26.7%,309,33.8%,362,39.6%,44.1%,5,-4.9,17.29,9,.91,1,1.05,50.45,17.7,-.66,-6.91,47.46,6.2%,.923,985,-1.5%,1.63,2.26,26.4,29.4,49.9,56.1,-6.1,26,36,395,432,171,207,204,219,383,432,47.0%,1.3,3.1,2.03,2.16,26.7,30.7,51.3,58.4,0.9,3719.7,126,134,1530,1769,701,836,823,881,8,12,4,0.48,0.73,0.24,31.1,37.5,58.1,36.9,32.6,35.2,13,5,72.2%,0,1,4,10,4,JORDANMARTINOOK,Jordan.Martinook
Noah,Hanifin,CAR,D,79,0.278481013,NCAA,0.621621622,3,12,15,0.74,3,10,1,78,42,71,48,3.8%,1.6%,73219,15.4,1175.2,14.9,2721.8,34.5,30.2%,132,73,63,68,39,31,7.1%,26.2%,33.3%,345,35.0%,283,28.7%,358,36.3%,54.9%,5,5.5,16.98,5,-.61,6,-.99,49.58,15.98,-.14,2.34,51.6,7.6%,.913,989,-1.1%,2.14,2.50,28.2,28.9,54.1,54.4,-0.4,42,49,511,517,231,265,275,235,496,573,46.4%,-4.2,-5.0,1.99,2.36,28.4,27.7,54.6,52.1,-2.8,3893.216667,129,153,1716,1643,781,791,915,794,10,3,-7,0.49,0.15,-0.34,44.9,48.2,52.9,64.2,46.6,49.7,0,0, ,0,0,0,0,0,NOAHHANIFIN,Noah.Hanifin
William,Karlsson,CBJ,C,81,0.24691358,AHL,0.648648649,9,11,20,1.23,9,6,5,91,31,29,100,9.9%,6.0%,58629,12.1,941.5,11.6,2932.5,36.2,24.3%,85,33,36,72,17,32,29.0%,35.5%,64.5%,246,29.3%,283,33.7%,310,36.9%,46.5%,8,-0.9,17.12,9,.13,8,.26,49.97,17.48,-.90,-5.92,48.27,7.0%,.913,983,-1.7%,1.98,2.49,28.1,28.4,51.4,52.2,-0.8,31,39,410,407,168,146,198,227,396,360,52.4%,2.9,6.2,2.26,2.40,28.7,30.1,52.5,57.1,3.8,3869.85,146,155,1706,1784,675,749,860,995,2,6,4,0.12,0.37,0.25,35.9,33.4,28.7,39.3,34.1,37.3,352,401,46.7%,1.38,-18.7,197,276,252,WILLIAMKARLSSON,William.Karlsson
Jaccob,Slavin,CAR,D,63,0.317460317,NCAA,0.5,2,13,15,0.79,2,2,8,69,31,50,41,2.9%,1.3%,68116,18.0,1088.3,17.3,2018.1,32.0,35.0%,29,88,33,99,22,42,5.4%,27.0%,32.4%,338,32.8%,336,32.7%,355,34.5%,50.1%,3,-0.3,17.52,3,1.00,3,.14,49.94,16.8,.30,2.83,51.97,6.9%,.921,991,-0.9%,2.04,2.15,29.5,27.3,55.0,53.1,1.8,37,39,498,457,218,215,244,253,489,475,50.7%,3.0,-1.0,2.13,2.24,28.5,28.6,54.0,53.1,0.9,3101.583333,110,116,1365,1362,604,630,714,636,2,8,6,0.11,0.42,0.32,40.5,39.3,38.0,63.8,37.9,44.8,0,0, ,0,0,0,0,0,JACCOBSLAVIN,Jaccob.Slavin
Jared,McCann,VAN,C,69,0.260869565,OHL,1.446428571,8,7,15,1.15,8,3,3,83,26,43,82,9.6%,5.3%,47055,11.4,753.1,10.9,2555.3,37.0,22.8%,45,17,45,36,23,28,33.3%,25.0%,58.3%,207,32.8%,179,28.4%,245,38.8%,53.6%,13,4.3,17.09,12,-.26,12,.32,50.04,17.31,-.38,-5.85,48.43,6.7%,.930,997,-0.3%,1.91,2.31,28.5,33.1,52.5,58.0,-5.5,24,29,334,386,121,154,180,159,299,386,43.6%,-1.0,-0.3,1.92,2.34,27.5,31.6,50.2,56.4,0.7,3305.733333,106,129,1411,1614,536,636,711,727,7,13,6,0.54,0.99,0.46,26.6,34.7,22.4,25.5,25.3,31.4,179,327,35.4%,0.85,-22.07,153,198,132,JAREDMCCANN,Jared.McCann
Jonathan,Marchessault,TBL,C/N,45,0.4,AHL,0.985294118,3,8,11,1.59,3,2,6,60,20,16,64,5.0%,3.1%,24873,9.2,406.4,9.0,1662.1,36.9,19.6%,36,8,54,44,6,7,23.1%,61.5%,84.6%,106,28.0%,130,34.3%,143,37.7%,44.9%,1,-9.4,16.92,12,-.17,13,-.49,49.57,17.02,-.15,3.93,51.44,5.6%,.897,953,-4.7%,1.92,2.95,34.4,28.6,59.6,51.1,8.6,13,20,220,174,79,67,92,85,224,171,56.7%,3.8,5.3,2.18,1.91,30.0,28.0,57.2,51.8,3.2,2068.1,75,66,958,900,419,389,519,430,4,9,5,0.58,1.30,0.72,19.2,14.3,20.9,8.3,13.8,14.1,22,13,62.9%,-0.03,3.03,17,5,13,JONATHANMARCHESSAULT,Jonathan.Marchessault
Sven,Andrighetto,MTL,RW/LW,44,0.386363636,AHL,0.716666667,6,9,15,1.60,6,4,4,57,24,26,63,10.5%,5.6%,33695,12.8,541.4,12.3,1579.7,35.9,25.5%,48,16,70,52,11,7,25.0%,33.3%,58.3%,214,41.0%,120,23.0%,188,36.0%,64.1%,16,19.2,17.45,4,.42,5,-.41,50.07,17.83,1.52,4.55,51.74,8.3%,.932,1015,1.5%,2.66,2.00,32.1,29.5,60.6,53.9,6.8,24,18,266,248,119,82,138,138,249,230,52.0%,3.6,-1.7,2.09,2.17,30.1,29.0,56.0,54.3,5.0,2125.083333,74,77,993,949,379,364,539,532,1,7,6,0.11,0.75,0.64,21.8,19.7,13.4,27.0,23.3,21.5,2,4,33.3%,-0.02,0.27,4,1,1,SVENANDRIGHETTO,Sven.Andrighetto
Phillip,Di Giuseppe,CAR,LW,41,0.414634146,AHL,0.394736842,7,10,17,1.84,6,7,3,54,31,18,51,13.0%,6.8%,33198,13.5,541.7,13.2,1470.8,35.9,26.9%,77,20,107,32,5,16,25.0%,41.7%,66.7%,157,33.1%,150,31.6%,167,35.2%,51.1%,8,3.9,17.49,5,.42,6,.10,49.97,18.06,.64,3.33,51.99,9.1%,.930,1021,2.1%,2.66,2.33,29.2,33.1,53.5,58.4,-4.9,24,21,240,278,109,114,110,114,237,287,45.2%,-4.8,-8.5,2.24,2.33,28.8,29.6,53.8,54.8,-3.8,2009.666667,75,78,888,915,391,426,447,418,6,3,-3,0.65,0.33,-0.33,22.5,22.6,21.6,34.7,20.5,21.3,7,9,43.8%,-0.06,2.06,10,4,2,PHILDIGIUSEPPE,Phillip.Di.Giuseppe
Shane,Prince,NYI,C/LW,62,0.274193548,AHL,0.902777778,6,11,17,1.50,6,6,5,78,26,39,91,7.7%,4.2%,40846,11.0,676.2,10.9,2344.2,37.8,22.4%,70,14,23,58,24,18,20.7%,37.9%,58.6%,171,31.3%,177,32.4%,198,36.3%,49.1%,7,0.0,16.86,11,-.48,11,-.34,49.76,17.27,1.35,-3.52,48.79,8.6%,.938,1023,2.3%,2.57,1.86,30.1,29.9,55.9,56.5,-0.6,29,21,310,316,119,127,172,173,311,293,51.5%,5.2,2.7,2.26,2.38,27.6,30.8,53.0,57.5,3.9,3021.116667,114,120,1277,1429,547,590,730,755,5,13,8,0.44,1.15,0.71,25.2,26.5,34.2,24.1,23.9,26.8,2,1,66.7%,0,1,1,0,1,SHANEPRINCE,Shane.Prince
Joseph,Blandisi,NJD,LW/RW/C,41,0.414634146,OHL,1.647058824,1,10,11,1.19,1,7,2,32,19,13,39,3.1%,1.6%,33176,13.5,522.7,12.7,1429.0,34.9,26.8%,95,13,38,47,5,17,6.7%,60.0%,66.7%,110,28.5%,131,33.9%,145,37.6%,45.6%,13,2.0,17.45,7,.44,6,.58,50.33,17.97,-.28,-7.34,46.42,7.4%,.900,973,-2.7%,1.72,2.76,23.3,27.4,43.9,52.3,-8.5,15,24,188,215,96,97,83,120,180,217,45.3%,-0.6,0.4,1.66,2.25,23.2,28.1,42.9,51.3,-0.1,1950.3,54,73,700,842,309,327,330,425,7,9,2,0.76,0.98,0.22,15.7,18.9,9.6,25.5,19.9,37.7,10,21,32.3%,-0.03,0.79,9,12,4,JOSEPHBLANDISI,Joseph.Blandisi
Viktor,Arvidsson,NSH,LW/RW,56,0.285714286,AHL,0.785714286,7,8,15,1.34,6,4,3,125,37,47,107,5.6%,3.3%,40194,12.0,667.3,11.9,2027.6,36.2,24.8%,75,30,27,96,17,15,31.6%,36.8%,68.4%,201,33.3%,191,31.6%,212,35.1%,51.3%,9,-1.8,17.24,9,.39,8,.16,50.2,17.87,1.19,6.22,52.46,5.3%,.901,955,-4.5%,1.71,2.61,32.1,26.4,60.2,51.5,8.7,19,29,338,265,138,109,175,170,296,247,54.5%,0.8,2.3,2.18,2.11,29.9,27.0,56.2,50.9,3.4,2701.283333,98,95,1248,1119,541,439,643,639,9,10,1,0.81,0.90,0.09,24.7,21.5,29.9,30.0,23.8,23.5,0,0, ,0,0,0,0,0,VIKTORARVIDSSON,Viktor.Arvidsson
Brett,Pesce,CAR,D,69,0.231884058,NCAA,0.516129032,3,8,11,0.57,3,1,6,68,36,40,39,4.4%,2.1%,69079,16.7,1099.6,15.9,2325.8,33.7,32.1%,17,66,28,117,19,38,10.7%,25.0%,35.7%,301,31.8%,288,30.4%,358,37.8%,51.1%,4,-0.3,17.32,4,.26,4,-.52,49.66,16.44,-.17,2.73,51.94,5.8%,.930,988,-1.2%,1.53,1.86,26.4,26.7,51.7,50.6,1.1,28,34,456,455,210,238,254,200,457,469,49.4%,-0.3,-2.5,1.98,2.30,28.6,27.2,54.7,51.6,-1.9,3421.916667,113,131,1516,1419,686,703,803,692,6,5,-1,0.31,0.26,-0.05,38.1,37.6,47.2,53.6,46.9,41.5,0,1,0.0%,-0.01,-0.24,1,0,0,BRETTPESCE,Brett.Pesce
Colin,Miller,BOS,D,42,0.380952381,AHL,0.742857143,3,8,11,1.09,3,3,4,45,23,37,18,6.7%,2.9%,36485,14.5,591.8,14.1,1431.4,34.1,29.2%,39,31,42,49,16,6,12.5%,29.2%,41.7%,215,44.3%,122,25.2%,148,30.5%,63.8%,9,15.3,16.76,8,-.55,9,-1.48,49.22,16.62,-2.86,-3.46,49.44,7.6%,.921,998,-0.2%,2.43,2.13,31.8,27.1,55.9,51.1,4.8,24,21,290,246,119,109,118,128,266,250,51.6%,2.8,3.3,2.37,2.31,31.6,29.2,55.4,54.9,4.3,2026.633333,80,78,989,909,352,395,450,474,11,5,-6,1.09,0.49,-0.59,23.5,20.6,20.4,25.5,20.9,22.8,0,0, ,0,0,0,0,0,COLINMILLER,Colin.Miller
Sergey,Kalinin,NJD,C,78,0.192307692,KHL,0.431034483,5,7,12,0.78,5,3,4,57,22,22,73,8.8%,5.0%,55143,11.8,906.3,11.6,2773.9,35.6,24.6%,46,25,140,74,17,22,22.7%,31.8%,54.5%,225,27.4%,284,34.6%,311,37.9%,44.2%,11,-1.5,17.35,8,.20,8,-.01,50.13,17.57,.14,-7.39,47.66,6.5%,.928,993,-0.7%,1.46,1.99,22.4,27.7,42.0,49.6,-7.5,22,30,316,388,144,148,153,183,298,388,43.4%,-5.2,1.1,1.67,2.11,23.5,27.1,42.3,49.3,-0.6,3670.816667,102,129,1334,1529,560,587,593,769,12,12,0,0.78,0.78,0.00,25.4,32.9,24.9,28.1,29.8,28.9,126,173,42.1%,-0.98,-5.03,82,128,86,SERGEYKALININ,Sergey.Kalinin
Tom,Kuhnhackl,PIT,RW/LW,42,0.357142857,AHL,0.416666667,3,10,13,1.66,3,6,3,44,16,10,41,6.8%,4.3%,28188,11.2,463.5,11.0,1559.2,37.1,22.9%,77,31,56,43,6,4,17.6%,52.9%,70.6%,89,20.2%,187,42.4%,165,37.4%,32.2%,2,-26.3,17.09,9,.45,8,-.68,49.77,17.1,-4.51,3.53,51.72,7.8%,.932,1010,1.0%,2.20,2.07,28.1,30.4,48.7,54.6,-6.0,17,16,200,219,70,75,89,112,196,174,53.0%,-6.9,-6.0,3.12,2.05,33.4,26.8,60.1,49.4,-16.7,2022.05,105,69,1020,835,382,314,520,446,1,9,8,0.13,1.15,1.02,17.8,16.9,17.4,21.1,21.5,15.9,0,1,0.0%,-0.01,0.76,1,0,0,TOMKUEHNHACKL,Tom.Kuhnhackl
Andreas,Athanasiou,DET,C/LW,37,0.378378378,AHL,0.581818182,8,5,13,2.48,7,2,3,42,17,12,52,19.0%,11.3%,18850,8.5,306.1,8.3,1421.9,38.4,17.7%,23,7,15,27,5,10,50.0%,35.7%,85.7%,100,38.5%,56,21.5%,104,40.0%,64.1%,14,9.9,16.7,14,-.46,14,-1.11,49.76,17.07,.21,3.60,52.39,8.7%,.917,1004,0.4%,2.74,2.74,31.6,32.9,54.5,52.3,2.2,14,14,147,154,56,52,61,47,143,146,49.5%,-4.5,-6.0,1.91,2.49,29.9,28.2,55.7,48.1,-5.4,1731.633333,55,72,807,743,363,297,383,277,0,13,13,0.00,2.48,2.48,13.1,13.4,6.9,10.6,13.0,10.2,53,75,41.4%,-0.23,-7.22,50,59,16,ANDREASATHANASIOU,Andreas.Athanasiou
Jake,McCabe,BUF,D,77,0.181818182,AHL,0.50877193,4,10,14,0.62,3,5,3,55,30,49,33,7.3%,3.0%,81036,17.5,1322.0,17.2,2429.1,31.5,35.2%,77,86,110,142,26,15,7.5%,20.0%,27.5%,372,32.0%,384,33.0%,408,35.1%,49.2%,3,2.0,17.28,4,.45,4,.92,50.34,17.13,1.16,-4.47,46.62,6.5%,.932,997,-0.3%,1.82,2.00,28.0,29.3,48.4,54.1,-5.7,40,44,577,601,211,254,238,292,511,538,48.7%,0.3,-0.2,1.87,2.19,27.4,29.7,49.8,55.4,-0.1,3728.95,116,136,1589,1712,616,746,775,847,8,10,2,0.36,0.44,0.09,43.0,47.3,45.2,55.9,45.4,48.2,0,2,0.0%,0,0,0,2,0,JAKEMCCABE,Jake.McCabe
Trevor,van Riemsdyk,CHI,D,82,0.170731707,NCAA,0.884615385,3,8,11,0.46,2,6,1,65,32,65,46,4.6%,1.9%,87015,17.7,1401.4,17.1,2588.1,31.6,35.1%,89,137,39,117,35,14,4.4%,15.6%,20.0%,424,34.1%,373,30.0%,447,35.9%,53.2%,4,2.2,17.44,3,.54,4,.79,50.41,16.88,.09,1.89,50.84,6.7%,.922,989,-1.1%,1.93,2.23,28.7,28.6,53.6,54.3,-0.7,45,52,625,617,226,232,357,368,565,578,49.4%,-0.7,-2.6,2.02,2.11,29.8,29.5,55.4,54.0,-2.1,3985.016667,134,140,1848,1822,682,689,1016,934,10,8,-2,0.41,0.33,-0.08,52.0,54.9,50.2,61.0,55.6,59.8,0,0, ,0,0,0,0,0,TREVORVANRIEMSDYK,Trevor.van.Riemsdyk
Erik,Gustafsson,CHI,D,41,0.341463415,SweHL,0.527272727,0,13,13,1.39,0,6,7,50,20,42,21,0.0%,0.0%,33696,13.7,556.5,13.6,1427.0,34.8,28.1%,66,36,29,69,12,7,0.0%,46.4%,46.4%,185,37.7%,125,25.5%,181,36.9%,59.7%,8,10.2,16.77,8,-.64,8,.06,49.94,16.45,-.86,1.12,50.31,9.0%,.938,1029,2.9%,3.02,1.83,33.4,29.7,61.2,52.7,8.5,28,17,282,258,91,97,167,117,252,250,50.2%,2.8,5.0,2.42,2.36,30.4,30.0,55.3,54.3,7.5,1983.05,80,78,924,915,339,343,486,458,2,2,0,0.21,0.21,0.00,23.4,22.4,20.2,31.7,20.5,23.1,0,0, ,,,,,,ERIKGUSTAFSSON,Erik.Gustafsson
Andrew,Copp,WPG,C,77,0.168831169,NCAA,0.861111111,7,6,13,1.41,7,4,2,45,11,20,50,15.6%,9.2%,33103,7.2,548.8,7.1,3082.3,40.0,15.1%,47,12,84,35,14,8,36.8%,31.6%,68.4%,124,28.5%,146,33.6%,165,37.9%,45.9%,2,-6.1,16.45,14,-1.21,15,-1.14,49.75,15.95,-4.94,-.85,50.08,8.5%,.954,1040,4.0%,2.08,1.20,24.4,26.3,46.4,51.3,-4.9,19,11,204,230,85,104,116,124,198,209,48.6%,-2.9,-4.3,2.27,2.17,29.3,28.2,54.8,52.2,-7.5,3628.816667,137,131,1636,1576,671,642,871,808,1,6,5,0.11,0.65,0.54,19.4,17.4,13.8,25.3,19.2,21.9,201,224,47.3%,0.14,0.31,119,163,141,ANDREWCOPP,Andrew.Copp
Jake,Virtanen,VAN,RW/LW,55,0.236363636,WHL,1.04,6,6,12,1.23,6,4,1,81,40,35,84,7.4%,3.8%,35149,10.7,598.1,10.9,2059.0,37.4,22.5%,51,22,127,57,12,20,30.0%,25.0%,55.0%,182,33.5%,167,30.8%,194,35.7%,52.1%,12,0.0,17.24,8,-.21,10,.33,49.98,17.39,-.88,-6.18,47.79,7.8%,.903,981,-1.9%,2.01,2.61,25.6,26.8,49.5,47.4,2.0,20,26,235,241,109,87,129,119,236,247,48.9%,2.8,7.9,1.79,2.62,27.5,30.7,50.7,54.3,5.7,2653.016667,79,116,1138,1241,448,480,575,565,7,9,2,0.72,0.92,0.20,20.7,21.5,14.3,35.4,19.5,27.0,2,3,40.0%,0,-1,2,1,2,JAKEVIRTANEN,Jake.Virtanen
William,Nylander,TOR,C,22,0.590909091,AHL,1.184210526,5,5,10,2.00,4,4,0,22,15,14,31,22.7%,9.8%,17967,13.6,283.9,12.9,763.2,34.7,27.1%,59,5,4,17,7,15,44.4%,44.4%,88.9%,121,43.8%,75,27.2%,80,29.0%,61.7%,14,15.5,17.12,9,-.19,11,-1.41,49.34,17.54,5.18,8.46,52.63,6.8%,.943,1011,1.1%,1.90,1.69,28.1,29.8,60.0,51.4,8.7,9,8,124,133,69,55,82,47,136,128,51.5%,2.4,-4.1,1.61,2.71,28.0,30.5,58.0,55.4,6.1,1041.916667,28,47,458,482,240,217,281,216,2,3,1,0.40,0.60,0.20,9.8,11.6,17.5,27.5,10.3,16.8,131,132,49.8%,0.71,-8.15,109,75,67,WILLIAMNYLANDER,William.Nylander
Chris,Wideman,OTT,D,64,0.203125,AHL,0.813333333,5,6,11,0.78,5,2,2,71,20,64,46,7.0%,3.2%,50790,13.2,828.3,12.9,2261.6,35.3,26.8%,24,66,55,92,26,5,15.6%,12.5%,28.1%,223,31.9%,231,33.0%,246,35.1%,49.1%,4,0.0,16.99,8,-.30,8,-.20,50.11,15.88,-1.73,-6.97,47.77,8.3%,.937,1020,2.0%,2.32,2.03,28.0,32.2,52.0,61.6,-9.6,32,28,354,417,133,179,199,227,347,407,46.0%,0.0,-2.7,2.24,2.11,27.6,31.8,52.6,58.4,-3.8,3077.7,115,108,1302,1525,544,606,736,755,14,2,-12,0.99,0.14,-0.85,29.3,32.9,31.1,33.5,29.9,33.6,0,0, ,0,0,0,0,0,CHRISWIDEMAN,Chris.Wideman
Iiro,Pakarinen,EDM,RW/LW,63,0.206349206,AHL,0.717948718,5,6,11,1.13,5,3,3,66,29,30,73,7.6%,4.0%,34996,9.3,575.4,9.1,2469.9,39.2,18.9%,52,12,148,81,8,8,38.5%,46.2%,84.6%,168,29.8%,174,30.9%,221,39.3%,49.1%,8,0.6,16.99,10,-.09,10,-.85,49.61,17.04,-2.73,-4.63,47.85,5.8%,.924,982,-1.8%,1.36,2.29,23.5,30.2,46.5,55.5,-9.0,13,22,212,268,89,120,132,122,207,248,45.5%,-5.1,-5.1,2.13,2.73,28.5,29.9,54.6,56.0,-7.5,3008.65,107,137,1323,1361,559,601,748,710,4,9,5,0.41,0.93,0.51,16.2,22.4,15.5,30.9,20.4,23.0,5,8,38.5%,0,-2,3,7,3,IIROPAKARINEN,Iiro.Pakarinen
Radek,Faksa,DAL,C,45,0.285714286,AHL,0.3125,5,6,11,1.34,4,2,3,60,29,16,74,8.3%,4.8%,29609,11.0,471.6,10.5,1666.8,37.0,22.1%,25,24,41,47,9,16,21.1%,26.3%,47.4%,122,26.9%,167,36.9%,164,36.2%,42.2%,2,-10.6,17.19,11,.54,3,1.11,50.44,17.1,-.94,4.16,52.53,7.9%,.920,999,-0.1%,2.42,1.91,30.7,23.9,61.7,53.1,8.7,19,15,222,173,124,110,120,119,247,201,55.1%,4.1,7.4,2.33,2.33,31.1,27.8,60.4,56.4,4.6,2135.033333,83,83,1022,906,487,478,558,540,5,8,3,0.61,0.97,0.36,20.5,17.9,15.5,18.3,14.9,21.1,177,177,50.0%,0.19,0.77,94,123,122,RADEKFAKSA,Radek.Faksa
Frank,Vatrano,BOS,C,39,0.282051282,NCAA,0.777777778,8,3,11,1.45,7,2,0,85,19,23,72,9.4%,6.3%,27323,11.7,436.6,11.2,1433.9,36.8,23.3%,34,23,60,48,11,16,53.8%,15.4%,69.2%,168,40.1%,97,23.2%,154,36.8%,63.4%,16,13.2,16.9,11,-.06,9,-1.22,49.36,17.55,-1.95,-2.42,49.3,5.8%,.906,964,-3.6%,1.79,2.47,30.6,26.2,51.5,53.7,-2.2,13,18,210,173,63,95,89,105,184,190,49.2%,-1.6,-4.3,2.44,2.21,32.5,28.9,55.8,54.0,-4.1,1871.516667,76,69,939,832,324,334,403,448,5,4,-1,0.66,0.53,-0.13,15.9,14.4,21.4,12.6,18.4,18.1,0,3,0.0%,0,-0.24,2,0,1,FRANKVATRANO,Frank.Vatrano
Nick,Cousins,PHI,C,36,0.277777778,AHL,0.875,6,3,9,1.46,6,2,1,34,10,14,42,17.6%,10.3%,22263,10.3,363.0,10.1,1325.4,36.8,21.5%,27,17,38,56,11,18,46.2%,23.1%,69.2%,94,34.2%,71,25.8%,110,40.0%,57.0%,14,4.7,16.79,12,-.28,12,-1.03,49.73,16.97,.71,1.64,50.14,7.3%,.947,1020,2.0%,2.15,1.32,29.3,24.8,58.7,51.6,7.1,13,8,164,142,71,58,107,104,160,147,52.1%,2.4,2.7,2.35,1.99,30.1,28.2,58.2,54.9,3.9,1687.066667,66,56,781,737,332,272,457,480,1,9,8,0.16,1.46,1.29,12.3,12.6,13.9,7.2,11.6,13.7,107,122,46.7%,0.04,0.45,61,96,67,NICKCOUSINS,Nick.Cousins
Bryan,Rust,PIT,RW,41,0.268292683,AHL,0.6,4,6,10,1.23,4,3,1,57,25,16,74,7.0%,4.1%,29358,11.9,475.2,11.6,1502.0,36.6,24.0%,47,17,60,78,8,9,26.7%,26.7%,53.3%,110,26.1%,147,34.8%,165,39.1%,42.8%,5,-13.9,17.07,12,.61,5,-.74,49.71,17.07,-5.16,2.79,51.49,6.4%,.932,996,-0.4%,1.89,1.77,29.5,26.1,51.8,48.7,3.0,15,14,219,193,85,81,91,98,223,174,56.2%,-2.4,1.1,2.92,1.91,33.6,26.9,60.2,49.0,-8.1,1975.033333,96,63,1009,821,377,317,500,413,4,11,7,0.49,1.35,0.86,20.3,15.9,17.7,12.3,18.2,17.4,1,2,33.3%,0,-0.76,1,0,2,BRYANRUST,Bryan.Rust
Brandon,Davidson,EDM,D,51,0.215686275,AHL,0.181818182,2,6,8,0.58,2,2,4,51,36,52,34,3.9%,1.4%,49332,16.1,787.2,15.4,1692.7,33.2,31.7%,28,65,67,118,35,15,7.4%,22.2%,29.6%,237,31.4%,244,32.4%,273,36.2%,49.3%,5,2.0,17.39,4,.43,4,.29,50.06,16.6,.45,-2.45,48.48,7.2%,.933,1005,0.5%,2.06,1.83,28.7,27.3,55.3,51.1,4.2,27,24,350,334,147,132,202,181,337,303,52.7%,3.7,7.0,1.94,2.55,28.3,30.0,54.5,55.5,5.2,2447.7,79,104,1076,1119,443,442,626,601,7,2,-5,0.51,0.15,-0.36,27.5,26.0,38.3,40.6,31.2,32.9,0,0, ,0,0,0,0,0,BRANDONDAVIDSON,Brandon.Davidson
Andreas,Martinsen,COL,LW,55,0.2,DEL,0.82,4,7,11,1.09,4,4,3,44,22,13,42,9.1%,5.1%,36249,11.0,594.3,10.8,2029.5,36.9,22.7%,44,27,155,69,5,11,21.1%,36.8%,57.9%,138,26.0%,192,36.2%,201,37.9%,41.8%,5,-8.2,17.22,11,.55,8,1.17,50.44,17.87,.43,-11.90,44.44,9.1%,.926,1017,1.7%,1.92,2.12,21.0,28.6,42.5,57.3,-14.8,19,21,189,262,95,123,118,162,193,263,42.3%,-0.8,0.1,2.17,2.12,27.1,31.7,48.7,61.7,-1.9,2626.566667,95,93,1090,1295,430,566,518,746,8,7,-1,0.79,0.70,-0.10,14.6,22.1,22.0,33.7,21.2,25.5,1,3,25.0%,-1.01,-0.49,3,0,1,ANDREASMARTINSEN,Andreas.Martinsen
Alexey,Marchenko,DET,D,66,0.166666667,AHL,0.392156863,2,8,10,0.62,2,4,4,37,28,39,28,5.4%,1.9%,58097,14.7,942.8,14.3,2173.0,32.9,30.3%,55,61,35,86,24,6,6.5%,25.8%,32.3%,265,31.6%,290,34.6%,284,33.8%,47.7%,2,-7.9,17.33,5,.56,5,-.54,49.91,16.57,1.20,4.17,52.09,7.2%,.931,1003,0.3%,1.97,2.10,27.3,30.4,52.6,50.5,2.1,31,33,398,445,180,151,217,164,383,402,48.8%,-3.3,-2.2,2.00,2.02,29.1,28.9,52.7,49.1,-1.5,3120.35,104,105,1410,1396,559,531,669,521,2,7,5,0.12,0.43,0.31,31.3,34.1,30.9,36.3,40.9,34.1,0,0, ,0,0,0,0,0,ALEXEYMARCHENKO,Alexey.Marchenko
Andy,Andreoff,LAK,LW/C,60,0.166666667,AHL,0.460526316,8,2,10,1.16,8,2,0,37,18,22,50,21.6%,10.4%,31161,8.7,520.9,8.7,2372.8,39.5,18.0%,32,11,81,51,12,12,53.3%,13.3%,66.7%,175,39.9%,124,28.2%,140,31.9%,58.5%,13,2.8,16.74,14,-.78,15,-1.21,49.47,16.8,-1.66,11.43,54.94,6.3%,.948,1011,1.1%,1.73,1.61,27.4,31.1,54.9,54.1,0.8,15,14,223,256,116,87,123,113,220,237,48.1%,-7.4,-14.0,2.10,1.76,31.8,27.2,62.4,49.0,-12.5,2891.883333,101,85,1431,1226,708,491,766,561,3,6,3,0.35,0.69,0.35,17.5,20.6,25.2,11.3,22.9,20.4,132,130,50.4%,-0.25,1.81,110,80,72,ANDYANDREOFF,Andy.Andreoff
Conor,Sheary,PIT,LW,44,0.227272727,AHL,0.775862069,7,3,10,1.52,7,2,1,42,13,20,54,16.7%,9.3%,23720,9.0,386.6,8.8,1732.6,39.4,18.2%,33,5,15,52,7,7,53.8%,23.1%,76.9%,121,38.1%,74,23.3%,123,38.7%,62.1%,13,10.6,16.74,14,-.37,15,-.70,49.83,16.52,-.59,4.91,51.67,6.0%,.927,987,-1.3%,2.02,1.86,33.7,25.5,59.6,43.8,15.8,13,12,204,152,78,60,89,58,203,139,59.4%,2.8,7.2,2.75,1.93,34.3,27.3,60.6,49.6,4.8,2119.366667,97,68,1114,897,399,349,532,439,3,7,4,0.46,1.06,0.61,17.5,11.3,14.7,9.5,18.4,15.1,1,5,16.7%,-0.02,2.27,4,1,1,CONORSHEARY,Conor.Sheary
Miikka,Salomaki,NSH,RW/LW,61,0.163934426,AHL,0.473684211,5,4,9,0.83,3,2,2,53,30,28,69,9.4%,4.5%,38978,10.6,637.0,10.4,2267.6,37.2,21.9%,41,24,159,87,11,14,21.4%,28.6%,50.0%,104,17.1%,283,46.6%,220,36.2%,26.9%,4,-32.5,17.09,12,.22,13,.22,50.14,16.94,-5.79,.58,50.57,4.9%,.932,981,-1.9%,1.32,1.70,26.8,25.0,50.0,50.7,-0.7,14,18,270,247,115,122,132,151,243,215,53.1%,-1.3,4.4,2.29,2.14,30.0,27.2,56.3,51.2,-5.8,2910.2,111,104,1346,1213,569,470,705,697,10,13,3,0.92,1.20,0.28,21.7,19.3,24.6,29.3,19.9,22.9,2,1,66.7%,0.01,0.24,0,2,1,MIIKKASALOMAKI,Miikka.Salomaki
Landon,Ferraro,BOS,C/RW,68,0.147058824,AHL,0.6,5,5,10,0.96,5,3,2,68,26,24,81,7.4%,4.2%,37631,9.2,627.1,9.2,2647.6,38.9,19.1%,51,23,97,65,17,14,33.3%,33.3%,66.7%,165,30.1%,171,31.1%,213,38.8%,49.1%,7,-0.3,16.65,13,-.57,13,-.23,49.61,16.6,-6.46,-5.46,47.28,5.9%,.923,983,-1.7%,1.44,2.30,24.2,29.9,42.5,56.7,-14.3,15,24,238,289,92,136,99,144,221,290,43.2%,-6.4,-8.9,2.34,2.27,30.5,30.3,54.2,55.7,-12.7,3280.816667,128,124,1539,1533,569,690,729,701,5,7,2,0.48,0.67,0.19,19.5,22.6,24.2,29.1,21.5,30.3,29,53,35.4%,-0.13,-1.59,34,32,15,LANDONFERRARO,Landon.Ferraro
Phillip,Danault,MTL,LW/C,51,0.196078431,AHL,0.542857143,4,6,10,0.98,3,1,4,67,26,22,56,6.0%,3.5%,36617,12.0,583.2,11.4,1891.2,37.1,23.6%,29,26,42,89,10,16,30.0%,50.0%,80.0%,139,22.9%,273,45.0%,194,32.0%,33.7%,4,-21.3,16.96,12,.68,4,1.27,50.41,17.3,-.90,.54,50.17,3.5%,.929,964,-3.6%,1.03,1.95,29.4,27.7,54.7,52.4,2.4,10,19,276,250,107,109,139,131,222,237,48.4%,0.7,6.9,2.21,2.25,30.3,30.6,54.7,56.5,4.2,2475.916667,91,93,1160,1169,440,448,566,622,4,3,-1,0.39,0.29,-0.10,21.0,20.9,25.5,28.0,21.8,24.5,231,255,47.5%,-0.23,3.56,105,152,219,PHILLIPDANAULT,Phillip.Danault
Joel,Armia,WPG,RW,43,0.23255814,AHL,0.611111111,4,4,8,0.99,3,2,2,43,16,26,64,9.3%,4.7%,28963,11.2,487.5,11.3,1566.8,36.4,23.7%,29,19,54,38,12,20,21.4%,28.6%,50.0%,118,30.4%,114,29.4%,156,40.2%,50.9%,5,-3.0,17.12,10,.32,9,.49,50.27,17.33,-1.83,1.45,51.05,6.9%,.917,985,-1.5%,1.72,1.97,25.1,23.6,49.7,48.9,0.9,14,16,190,176,85,84,115,121,209,168,55.4%,4.8,-0.4,2.10,2.10,28.9,27.2,55.0,52.8,-1.3,2052.95,72,72,917,857,395,394,497,485,4,5,1,0.50,0.62,0.12,17.2,15.3,19.1,18.1,21.1,14.8,0,2,0.0%,-0.01,-0.48,2,0,0,JOELARMIA,Joel.Armia
Darnell,Nurse,EDM,D,69,0.144927536,OHL,0.916666667,3,5,8,0.39,3,2,1,109,50,66,74,2.8%,1.3%,74376,18.0,1181.5,17.1,2158.7,31.3,35.4%,26,81,155,95,34,10,7.5%,7.5%,15.0%,314,30.1%,364,34.9%,364,34.9%,46.3%,3,-2.4,17.37,5,.38,5,.46,50.17,16.77,.36,-2.23,48.89,7.7%,.912,988,-1.2%,2.03,2.84,26.5,32.1,51.4,61.2,-9.8,40,56,482,577,210,276,281,296,517,586,46.9%,-3.8,-6.3,2.07,2.45,28.6,30.2,54.8,57.1,-7.4,3305.25,114,135,1464,1529,606,667,833,813,14,6,-8,0.68,0.29,-0.39,41.1,50.3,36.6,52.5,49.1,46.7,0,0, ,0,0,0,0,0,DARNELLNURSE,Darnell.Nurse
Austin,Watson,NSH,LW/C/RW,57,0.175438596,AHL,0.578947368,3,7,10,1.14,2,4,2,51,15,20,49,5.9%,3.5%,31445,9.2,506.3,8.9,2214.4,38.8,18.6%,60,40,74,52,9,9,15.4%,46.2%,61.5%,62,12.4%,276,55.1%,163,32.5%,18.3%,3,-40.4,16.94,15,.36,10,.13,50.05,16.45,-7.36,-.56,49.79,6.6%,.898,964,-3.6%,1.54,2.49,23.2,24.3,43.7,52.6,-8.9,13,21,183,184,71,86,102,153,151,166,47.6%,-7.6,-0.7,2.14,2.07,29.7,26.5,56.4,50.5,-14.7,2723.216667,97,94,1253,1107,526,417,683,675,5,1,-4,0.57,0.11,-0.46,12.5,14.4,14.8,16.8,17.9,18.7,6,6,50.0%,0.02,0.49,2,6,4,AUSTINWATSON,Austin.Watson
Daniel,Carr,MTL,LW,23,0.391304348,AHL,0.513157895,5,3,8,1.88,4,0,3,31,17,14,41,16.1%,8.1%,15346,11.1,248.1,10.8,856.2,37.2,22.5%,0,5,25,36,4,7,44.4%,33.3%,77.8%,95,37.7%,66,26.2%,91,36.1%,59.0%,14,6.6,17.08,11,-.53,15,.37,50.48,17.43,-.17,3.93,51.69,6.6%,.901,967,-3.3%,2.18,2.42,33.1,24.4,60.0,48.1,11.9,9,10,128,91,47,47,64,51,119,100,54.3%,5.1,6.0,1.85,2.55,31.1,27.5,58.8,50.3,3.4,1104.5,34,47,538,459,218,188,292,232,3,3,0,0.70,0.70,0.00,9.4,6.6,5.1,11.4,8.6,9.1,0,0, ,0,0,0,0,0,DANIELCARR,Daniel.Carr
Dennis,Rasmussen,CHI,C/LW,44,0.204545455,AHL,0.369863014,4,5,9,1.35,4,1,4,38,11,14,41,10.5%,6.3%,23976,9.1,416.7,9.5,1729.9,39.3,19.4%,10,20,36,62,5,7,22.2%,27.8%,50.0%,130,33.8%,118,30.6%,137,35.6%,52.4%,8,4.2,16.54,16,-.93,14,-.68,49.59,16.3,-1.60,.41,50.29,9.7%,.955,1052,5.2%,2.59,1.30,26.8,28.8,49.2,50.4,-1.2,18,9,168,191,69,56,87,94,160,156,50.6%,2.7,-2.9,2.04,1.93,30.4,30.0,54.6,55.1,-0.7,2146.333333,73,69,1016,1005,364,370,501,527,1,6,5,0.15,0.90,0.75,14.2,13.3,10.4,22.5,15.0,18.9,142,161,46.9%,1.86,-6.08,103,117,82,DENNISRASMUSSEN,Dennis.Rasmussen
Ryan,Dzingel,OTT,LW/C,30,0.3,NCAA,1.243243243,3,6,9,1.69,3,1,4,19,8,14,34,15.8%,7.3%,19178,10.7,307.3,10.2,1131.0,37.7,21.4%,10,4,53,22,2,6,21.4%,35.7%,57.1%,84,32.6%,74,28.7%,100,38.8%,53.2%,10,5.2,16.88,11,.11,11,.48,50.24,17.34,-2.60,-7.08,47.87,10.4%,.944,1048,4.8%,2.73,1.95,26.4,34.7,46.9,57.8,-10.9,14,10,121,168,38,55,67,63,113,149,43.1%,-3.2,-4.2,2.45,2.02,27.1,31.9,51.8,56.4,-6.3,1422.366667,58,48,584,708,272,255,313,326,3,1,-2,0.56,0.19,-0.38,10.0,11.6,9.3,10.5,9.5,12.3,2,2,50.0%,0,1,1,2,1,RYANDZINGEL,Ryan.Dzingel
Kerby,Rychel,CBJ,LW,32,0.28125,AHL,0.647058824,2,7,9,1.78,2,6,1,30,11,12,35,6.7%,3.8%,18186,9.5,301.5,9.4,1238.1,38.7,19.6%,53,9,39,24,9,9,15.4%,53.8%,69.2%,76,28.6%,95,35.7%,95,35.7%,44.4%,5,-1.4,16.68,12,-.81,13,-1.79,49.37,16.62,-3.01,-7.50,47.49,11.4%,.952,1066,6.6%,2.59,1.39,22.7,29.1,46.0,55.9,-9.9,13,7,101,139,47,60,70,75,110,112,49.5%,-0.6,-3.0,2.31,1.92,27.9,30.2,51.6,58.6,-3.0,1534.7,59,49,655,723,270,296,335,430,3,2,-1,0.59,0.40,-0.20,9.8,11.3,7.4,13.8,10.8,11.8,1,2,33.3%,0,-2,1,1,1,KERBYRYCHEL,Kerby.Rychel
Joel,Edmundson,STL,D,67,0.134328358,AHL,0.4,1,8,9,0.58,1,4,4,89,43,53,43,1.1%,0.5%,55503,13.8,931.3,13.9,2231.2,33.3,29.4%,71,51,156,79,16,7,3.8%,30.8%,34.6%,287,32.7%,294,33.4%,298,33.9%,49.4%,5,1.5,17.05,7,-.16,6,-.37,49.79,16.25,.92,3.86,51.77,5.7%,.931,987,-1.3%,1.68,1.93,29.6,27.9,56.9,49.5,7.4,26,30,433,403,200,149,224,186,417,395,51.4%,-1.5,3.2,2.26,1.92,30.8,28.2,55.9,51.7,3.2,3155.216667,119,101,1499,1380,605,531,715,705,17,8,-9,1.10,0.52,-0.58,35.1,36.9,41.6,29.4,38.6,32.4,0,0, ,0,0,0,0,0,JOELEDMUNDSON,Joel.Edmundson
Oliver,Bjorkstrand,CBJ,RW,12,0.666666667,WHL,2,4,4,8,2.90,4,2,2,21,5,12,24,19.0%,10.5%,9939,13.8,162.1,13.5,424.2,35.3,27.6%,18,5,8,8,5,6,44.4%,44.4%,88.9%,54,33.8%,58,36.3%,48,30.0%,48.2%,10,-6.0,17.04,10,-.26,10,-1.04,49.25,18.15,1.98,-3.00,49.26,11.0%,.947,1057,5.7%,3.33,1.48,30.4,28.1,56.3,57.0,-0.7,9,4,73,72,27,39,43,39,79,67,54.1%,4.1,1.6,2.56,2.35,30.9,30.4,57.7,58.0,-0.4,586.216667,25,23,277,274,110,117,152,153,0,5,5,0.00,1.81,1.81,7.6,5.8,3.0,6.6,6.0,5.5,0,0, ,0,0,0,0,0,OLIVERBJORKSTRAND,Oliver.Bjorkstrand
Shea,Theodore,ANA,D,19,0.421052632,WHL,1.11627907,1,4,5,1.04,1,3,1,11,9,12,9,9.1%,3.1%,17260,15.1,274.4,14.4,618.7,32.6,30.7%,33,18,5,16,14,7,8.3%,33.3%,41.7%,96,37.8%,88,34.6%,70,27.6%,52.2%,9,1.4,17.07,7,.17,7,-.73,49.75,16.22,.26,5.19,52.6,9.2%,.968,1059,5.9%,2.62,0.87,28.6,27.1,51.6,53.8,-2.2,12,4,119,120,53,58,52,64,106,108,49.5%,-7.8,-8.7,2.74,2.01,31.2,25.4,56.5,50.1,-8.5,896.383333,41,30,425,349,197,159,181,211,1,1,0,0.21,0.21,0.00,11.2,11.2,10.9,16.2,12.6,10.0,0,0, ,0,0,0,0,0,SHEATHEODORE,Shea.Theodore
Klas,Dahlbeck,ARI,D,71,0.112676056,AHL,0.211538462,2,5,7,0.46,2,1,4,57,27,43,28,3.5%,1.6%,55099,12.9,899.7,12.7,2392.9,33.7,27.3%,15,56,154,107,11,7,8.3%,20.8%,29.2%,256,33.5%,234,30.6%,275,35.9%,52.2%,7,6.0,17.02,7,.04,7,.56,50.23,15.98,.02,-6.88,47.97,6.7%,.921,988,-1.2%,1.60,2.20,23.9,27.7,47.4,57.5,-10.1,24,33,334,383,160,233,193,213,329,414,44.3%,-1.8,-3.3,2.06,2.10,26.5,30.7,50.5,58.3,-2.2,3286.183333,113,115,1340,1564,600,754,711,762,14,1,-13,0.91,0.07,-0.85,24.2,34.2,42.2,33.0,36.1,37.2,0,0, ,0,0,0,0,0,KLASDAHLBECK,Klas.Dahlbeck
Logan,Shaw,FLA,RW,53,0.132075472,AHL,0.362318841,4,2,6,0.64,2,1,1,56,22,14,48,7.1%,4.3%,33913,10.7,565.9,10.7,1914.9,36.1,22.8%,23,18,84,48,5,18,20.0%,20.0%,40.0%,172,31.2%,184,33.4%,195,35.4%,48.3%,9,0.1,16.97,14,-.02,14,-1.22,49.61,17.13,-.63,-3.10,48.82,4.4%,.930,974,-2.6%,1.06,1.91,24.2,27.2,42.1,51.4,-9.3,10,18,218,239,83,127,86,101,175,196,47.2%,-6.3,-7.1,2.49,1.93,27.8,27.4,47.8,50.0,-7.1,2481.2,103,80,1045,1054,419,475,409,460,3,10,7,0.32,1.06,0.74,16.2,18.6,24.0,20.3,19.5,17.7,15,15,50.0%,-0.12,-1.1,20,6,3,LOGANSHAW,Logan.Shaw
Corban,Knight,FLA,C,20,0.35,AHL,0.620689655,2,5,7,2.22,2,3,1,9,6,2,13,22.2%,11.8%,11367,9.5,190.0,9.5,720.8,36.0,20.9%,25,2,18,18,1,6,28.6%,57.1%,85.7%,49,32.0%,56,36.6%,48,31.4%,46.7%,5,0.5,16.71,16,.04,13,-1.69,49.44,16.61,-3.22,-5.26,47.76,11.9%,.947,1065,6.5%,2.21,1.58,18.6,29.7,35.7,49.6,-13.9,7,5,52,89,31,28,23,35,44,58,43.1%,-9.6,-9.6,2.84,1.65,25.6,29.0,44.5,50.6,-7.7,909.783333,43,25,345,415,154,165,132,163,1,2,1,0.32,0.63,0.32,4.0,6.4,5.1,19.7,6.5,7.9,52,50,51.0%,-0.02,4.52,35,34,33,CORBANKNIGHT,Corban.Knight
Mike,Reilly,MIN,D,29,0.24137931,NCAA,1.076923077,1,4,5,1.01,1,2,2,15,5,8,10,6.7%,3.6%,17769,10.2,288.2,9.9,1110.3,38.3,20.6%,32,20,3,25,9,2,11.1%,44.4%,55.6%,83,46.1%,42,23.3%,55,30.6%,66.4%,8,19.0,16.83,7,-.69,8,-1.06,49.41,15.82,-1.72,-6.00,47.2,6.3%,.916,978,-2.2%,1.87,2.71,30.0,32.1,52.7,61.4,-8.7,9,13,135,141,54,63,55,78,121,146,45.3%,-3.7,-7.8,2.25,1.85,27.2,27.4,49.8,55.7,-2.8,1358.716667,51,42,566,579,233,290,278,351,2,1,-1,0.41,0.20,-0.20,11.0,11.0,9.2,7.4,9.4,9.1,0,0, ,0,0,0,0,0,MIKEREILLY,Mike.Reilly
Adam,Clendening,EDM,D,29,0.24137931,AHL,0.367346939,1,6,7,1.04,1,1,5,40,15,19,15,2.5%,1.4%,24338,14.0,404.2,13.9,964.5,33.3,29.5%,11,30,19,54,17,5,5.6%,33.3%,38.9%,120,35.9%,101,30.2%,113,33.8%,54.3%,8,8.7,17.04,9,-.56,9,-1.31,49.82,16.56,-.47,-.62,49.36,9.0%,.948,1038,3.8%,2.67,1.63,29.5,31.3,54.2,57.6,-3.4,18,11,181,200,73,88,93,89,198,199,49.9%,-1.9,-5.2,1.96,1.91,30.3,30.9,56.3,56.2,-3.5,1348.7,44,43,638,651,233,256,350,314,10,4,-6,1.48,0.59,-0.89,15.5,15.8,9.4,11.4,18.2,16.7,0,0, ,0,0,0,0,0,ADAMCLENDENING,Adam.Clendening
Greg,Pateryn,MTL,D,38,0.184210526,AHL,0.283018868,1,6,7,0.73,0,5,1,31,15,34,16,3.2%,1.3%,34614,15.2,570.0,15.0,1254.0,33.0,31.2%,75,40,95,91,28,11,0.0%,35.3%,35.3%,140,25.7%,207,38.1%,197,36.2%,40.3%,1,-9.7,17.11,6,-.24,5,-.68,49.98,16.37,-.14,2.45,50.53,6.7%,.901,968,-3.2%,1.79,2.63,26.7,26.6,50.7,51.1,-0.3,17,25,237,228,95,90,133,142,209,230,47.6%,-0.7,-1.2,2.20,2.50,28.9,29.7,54.4,54.5,-0.2,1825.366667,67,76,811,827,324,315,452,439,5,5,0,0.52,0.52,0.00,19.0,21.4,35.7,26.8,20.6,22.8,0,0, ,0,0,0,0,0,GREGPATERYN,Greg.Pateryn
Joe,Morrow,BOS,D,33,0.212121212,AHL,0.363636364,1,4,5,0.62,1,1,3,35,5,24,17,2.9%,1.6%,28999,14.6,465.4,14.1,1105.8,33.5,29.6%,12,32,26,45,7,8,5.0%,20.0%,25.0%,134,31.2%,141,32.9%,154,35.9%,48.7%,4,4.2,16.73,9,-.32,8,.66,50.44,16.07,-3.31,-3.71,48.54,8.6%,.905,991,-0.9%,2.58,3.09,29.9,32.5,51.4,57.4,-5.9,20,24,212,228,72,92,95,101,220,221,49.9%,0.7,-1.3,2.59,2.32,30.6,30.7,54.0,56.6,-3.3,1576.116667,68,61,736,745,278,327,336,355,1,2,1,0.12,0.25,0.12,19.2,17.9,19.3,17.7,15.3,20.0,0,0, ,0,0,0,0,0,JOEMORROW,Joe.Morrow
Tyler,Randell,BOS,RW,27,0.222222222,AHL,0.27027027,6,0,6,1.91,6,0,0,12,2,1,15,50.0%,40.0%,11303,7.0,190.3,7.0,1112.3,41.2,14.6%,0,8,39,16,1,6,66.7%,0.0%,66.7%,48,32.2%,45,30.2%,56,37.6%,51.6%,11,3.0,16.39,16,-1.49,16,-1.52,49.81,16.2,-8.09,-7.46,47.38,13.6%,.895,1032,3.2%,2.84,3.47,20.8,33.1,39.1,59.3,-20.2,9,11,57,94,24,37,34,46,66,90,42.3%,-7.4,-14.7,2.39,2.25,29.8,29.3,53.8,56.4,-17.6,1305.983333,52,49,596,589,228,261,295,328,4,2,-2,1.27,0.64,-0.64,5.6,7.8,8.5,5.5,6.1,7.3,0,0, ,0,0,0,0,0,TYLERRANDELL,Tyler.Randell
Scott,Wilson,PIT,LW/C,24,0.25,AHL,0.745454545,5,1,6,1.52,3,1,0,30,9,8,28,16.7%,10.6%,14171,9.8,236.2,9.8,939.6,39.1,20.1%,24,6,38,47,5,5,60.0%,20.0%,80.0%,57,29.2%,49,25.1%,89,45.6%,53.8%,9,2.3,16.78,13,-.21,14,-1.92,49.36,16.79,.56,7.07,51.85,4.2%,.935,978,-2.2%,1.27,1.52,30.2,23.6,53.9,45.7,8.1,5,6,114,87,38,35,55,52,108,82,56.8%,1.2,-1.9,2.60,1.99,31.8,28.6,57.8,49.3,-0.4,1176.533333,51,39,572,522,224,179,287,227,1,5,4,0.25,1.27,1.02,10.0,7.0,7.0,5.1,8.6,7.3,0,0, ,0,0,0,0,0,SCOTTWILSON,Scott.Wilson
Colton,Sissons,NSH,C/RW,34,0.176470588,AHL,0.552631579,4,2,6,1.20,4,0,2,19,9,9,25,21.1%,10.8%,17973,8.8,295.1,8.7,1332.8,39.2,18.1%,0,18,34,20,4,5,30.8%,15.4%,46.2%,52,20.5%,105,41.3%,97,38.2%,33.1%,6,-24.5,16.89,16,.20,14,-.29,50.01,16.64,-3.25,2.96,51.05,9.5%,.926,1021,2.1%,2.64,1.63,27.9,22.0,54.1,49.0,5.1,13,8,124,100,53,48,76,85,125,87,59.0%,3.3,5.8,2.24,2.17,30.4,25.9,58.2,49.1,-4.0,1631.5,61,59,765,645,347,242,410,389,1,1,0,0.20,0.20,0.00,10.4,7.7,7.0,9.0,12.0,12.1,128,101,55.9%,0.23,-4.78,50,92,84,COLTONSISSONS,Colton.Sissons
Zach,Hyman,TOR,C,16,0.375,NCAA,1.459459459,4,2,6,1.63,3,0,0,29,18,10,42,13.8%,7.0%,13241,13.8,203.2,12.7,560.8,35.1,26.6%,0,5,29,45,2,6,50.0%,0.0%,50.0%,89,45.2%,51,25.9%,57,28.9%,63.6%,16,18.0,17.05,10,-.14,10,-1.02,49.41,17.5,5.33,8.48,52.88,6.1%,.923,984,-1.6%,1.77,2.07,28.9,26.9,62.9,49.9,13.0,6,7,92,84,57,41,58,37,117,97,54.7%,2.9,0.1,1.58,2.21,28.8,28.5,59.8,53.2,6.4,761.183333,20,28,345,334,187,153,207,160,2,6,4,0.54,1.63,1.09,7.9,8.3,9.5,6.2,7.8,9.1,1,2,33.3%,-0.02,-0.73,3,0,0,ZACHHYMAN,Zach.Hyman
Chris,Wagner,ANA,C/RW,43,0.139534884,AHL,0.583333333,4,2,6,0.98,4,1,1,49,15,17,42,8.2%,4.9%,22112,8.6,370.8,8.6,1648.5,38.3,18.4%,21,24,92,49,10,3,57.1%,28.6%,85.7%,81,25.5%,90,28.3%,147,46.2%,47.4%,6,-0.9,16.42,16,-1.14,16,-1.34,49.65,16.39,-2.39,-7.39,46.76,4.9%,.946,995,-0.5%,1.13,1.46,23.3,27.0,46.1,54.2,-8.1,7,9,137,158,63,75,78,93,126,142,47.0%,3.0,-1.5,1.63,2.19,26.6,28.9,48.7,56.6,-0.3,2023.8,55,74,841,902,343,435,405,497,3,3,0,0.49,0.49,0.00,10.1,13.0,8.5,23.7,12.7,16.8,142,115,55.3%,-0.94,0.42,63,121,73,CHRISWAGNER,Chris.Wagner
Ty,Rattie,STL,RW,13,0.461538462,AHL,0.711864407,4,2,6,3.02,4,1,0,12,6,2,18,33.3%,20.0%,7149,9.2,114.4,8.8,497.8,38.3,18.7%,9,2,6,12,2,2,66.7%,16.7%,83.3%,34,32.7%,29,27.9%,41,39.4%,54.0%,13,9.5,16.89,14,-.02,13,1.35,50.77,17.4,-1.07,1.95,51.18,10.9%,.891,1000,0.0%,3.15,3.15,28.8,28.8,50.9,48.8,2.1,6,6,49,49,17,15,25,23,49,38,56.3%,2.7,0.5,2.55,1.96,30.6,29.9,54.2,53.6,1.5,611.183333,26,20,286,285,114,92,126,149,1,1,0,0.50,0.50,0.00,4.2,3.7,3.7,2.9,4.5,3.8,0,0, ,0,0,0,0,0,TYRATTIE,Ty.Rattie
Nic,Petan,WPG,LW/C,26,0.230769231,WHL,1.648148148,2,3,5,1.16,2,2,1,18,13,11,32,11.1%,4.8%,15470,9.9,249.9,9.6,1018.7,39.2,19.7%,37,4,7,17,8,11,33.3%,50.0%,83.3%,62,33.2%,54,28.9%,71,38.0%,53.4%,10,5.0,16.71,13,-.82,13,-.27,50.23,16.64,-3.34,.17,50.44,5.4%,.957,1010,1.0%,1.44,1.20,26.9,27.8,53.1,54.3,-1.2,6,5,106,111,45,56,64,54,111,100,52.6%,2.6,-2.6,2.51,2.32,29.6,28.1,54.3,53.8,-1.7,1267.716667,53,49,573,544,228,235,294,309,1,3,2,0.23,0.70,0.47,0.0,0.0,0.0,0.0,0.0,0.0,11,8,57.9%,-0.05,-1.69,10,5,3,NICOLASPETAN,Nicolas.Petan
Anthony,Bitetto,NSH,D,28,0.214285714,AHL,0.428571429,1,5,6,1.07,1,1,4,18,11,11,8,5.6%,2.5%,20171,12.0,335.9,12.0,1002.3,35.8,25.1%,13,41,61,21,8,2,9.1%,45.5%,54.5%,90,36.4%,76,30.8%,81,32.8%,54.2%,6,3.5,16.69,8,-.51,6,-.13,49.93,15.99,2.73,6.23,52.24,7.5%,.936,1011,1.1%,1.97,1.97,26.1,30.7,49.1,58.6,-9.5,11,11,135,161,56,58,73,98,123,154,44.4%,-9.8,-16.9,2.55,2.20,29.7,28.0,54.7,54.0,-10.1,1338.833333,57,49,606,575,262,236,295,346,4,4,0,0.71,0.71,0.00,11.5,11.5,24.1,10.3,12.3,9.7,0,0, ,0,0,0,0,0,ANTHONYBITETTO,Anthony.Bitetto
Connor,Brown,TOR,RW,7,0.857142857,AHL,0.802631579,0,1,1,0.77,0,0,0,6,1,2,5,0.0%,0.0%,4648,11.1,70.1,10.0,253.7,36.2,21.7%,0,2,1,9,0,4,0.0%,0.0%,0.0%,31,42.5%,20,27.4%,22,30.1%,60.8%,14,11.1,16.94,13,.88,5,.08,49.77,16.43,1.79,5.84,52.14,5.9%,.900,959,-4.1%,1.71,3.42,29.1,34.2,59.0,52.2,6.8,2,4,32,36,15,11,20,10,29,31,48.3%,-3.2,-1.6,1.85,1.85,27.9,29.0,58.6,53.1,1.3,324.416667,10,10,141,147,85,69,81,61,0,1,1,0.00,0.77,0.77,2.3,3.0,1.3,5.2,2.2,3.3,0,0, ,0,0,0,0,0,CONNORBROWN,Connor.Brown
Joel,Hanley,MTL,D,10,0.6,AHL,0.26984127,0,6,6,2.51,0,3,3,9,5,2,1,0.0%,0.0%,8602,14.3,133.1,13.3,351.4,35.1,27.5%,26,18,5,14,4,2,0.0%,75.0%,75.0%,49,35.0%,46,32.9%,45,32.1%,51.6%,7,4.1,16.88,9,.17,5,1.31,50.61,15.66,1.59,2.12,49.7,11.4%,.875,989,-1.1%,3.61,3.61,31.6,28.8,51.4,54.1,-2.7,8,8,62,56,19,18,25,38,44,56,44.0%,-5.8,-4.0,2.85,2.48,28.7,29.5,50.5,55.1,1.9,484.383333,23,20,209,218,83,83,93,124,1,0,-1,0.42,0.00,-0.42,4.8,5.7,10.1,4.9,5.0,4.8,0,0, ,0,0,0,0,0,JOELHANLEY,Joel.Hanley
Rocco,Grimaldi,FLA,C/RW,20,0.25,AHL,0.65625,3,2,5,1.32,3,0,2,22,8,9,19,13.6%,7.7%,13608,11.3,215.1,10.8,759.2,38.0,22.1%,0,2,17,22,5,10,42.9%,28.6%,71.4%,71,36.2%,59,30.1%,66,33.7%,54.6%,14,5.8,17,11,.30,11,.64,49.98,17.33,-.48,-2.91,49.51,7.4%,.904,978,-2.2%,1.95,3.07,26.2,31.8,45.8,48.5,-2.8,7,11,87,103,34,33,36,27,73,88,45.3%,-5.0,-0.4,2.46,2.28,27.0,28.9,46.4,49.1,0.0,974.316667,40,37,398,432,148,182,167,147,1,4,3,0.26,1.06,0.79,6.1,9.3,5.6,7.3,4.9,5.6,47,59,44.3%,-0.07,-5.42,38,37,28,ROCCOGRIMALDI,Rocco.Grimaldi
Nick,Paul,OTT,LW,24,0.208333333,OHL,1.137931034,2,3,5,1.05,,,,,,,,0.0%,0.0%,17180,11.9,,0.0,,0.0,0.0%,0,,,,,,0.0%,0.0%,0.0%,,0.0%,,0.0%,,0.0%,0.0%,1,,,15,-.34,12,.36,,,-2.78,-7.64,,0.0%,.000,0,-100.0%,0.00,0.00,0.0,0.0,0.0,0.0,0.0,,,0,0,0,0,0,0,,,0.0%,,19.9,0.00,0.00,0.0,0.0,0.0,0.0,0.0,1151.05,48,35,482,576,211,211,268,283,,,0,0.00,0.00,0.00,7.5,7.6,7.6,4.5,6.8,9.1,30,29,50.8%,0.09,-2.85,14,18,27,NICHOLASPAUL,
Nikita,Soshnikov,TOR,RW,11,0.454545455,KHL,0.561403509,1,3,4,1.55,1,1,2,26,7,11,28,3.8%,2.3%,9274,14.1,149.6,13.6,389.6,35.4,27.7%,20,6,34,27,3,2,25.0%,75.0%,100.0%,48,34.5%,45,32.4%,46,33.1%,51.6%,12,3.1,18.06,1,1.50,1,-.47,49.68,19.22,2.13,6.25,52.79,5.1%,.871,922,-7.8%,1.60,3.21,31.3,24.9,63.8,55.8,8.0,4,8,74,54,34,33,47,44,79,63,55.6%,1.2,0.8,1.57,2.24,30.0,27.7,62.3,53.2,-1.0,535.7,14,20,254,227,132,108,156,120,2,3,1,0.78,1.16,0.39,5.5,5.2,2.9,9.1,6.6,7.4,0,1,0.0%,0.01,0.24,0,0,1,NIKITASOSHNIKOV,Nikita.Soshnikov
Byron,Froese,TOR,C,56,0.089285714,AHL,0.913043478,2,3,5,0.55,2,3,0,50,25,21,60,4.0%,2.1%,32782,9.8,520.6,9.3,2123.7,37.9,19.7%,51,12,46,70,7,15,14.3%,21.4%,35.7%,106,21.2%,231,46.3%,162,32.5%,31.5%,1,-22.5,16.68,15,-1.49,16,-1.95,49.62,16.44,-.74,3.43,49.65,5.9%,.904,963,-3.7%,1.61,2.77,27.2,28.8,51.9,54.5,-2.7,14,24,222,226,89,115,125,108,233,233,50.0%,-1.0,-3.7,1.89,2.73,29.1,31.1,58.8,56.1,-5.4,2638.4,83,120,1198,1247,612,560,692,538,6,5,-1,0.66,0.55,-0.11,19.5,17.4,16.0,23.6,19.5,21.8,228,243,48.4%,-0.19,-17.99,91,153,211,BYRONFROESE,Byron.Froese
Connor,Brickley,FLA,C,23,0.217391304,AHL,0.643835616,1,4,5,1.52,1,4,0,10,4,1,8,10.0%,6.7%,11847,8.6,196.4,8.5,874.1,38.0,18.3%,59,5,45,34,3,4,20.0%,80.0%,100.0%,60,39.2%,47,30.7%,46,30.1%,56.1%,15,9.2,16.86,15,-.19,16,-.42,49.97,16.43,-2.99,-5.21,49.3,6.8%,.956,1024,2.4%,1.53,1.22,22.6,27.8,35.7,52.2,-16.5,5,4,69,87,30,36,13,44,46,83,35.7%,-17.9,-13.3,2.30,1.40,27.3,27.7,46.6,50.8,-12.3,1067.9,41,25,445,468,180,205,164,207,3,1,-2,0.91,0.30,-0.61,4.8,7.0,5.1,12.9,5.1,9.2,0,0, ,0,0,0,0,0,CONNORBRICKLEY,Connor.Brickley
Darren,Dietz,MTL,D,13,0.384615385,AHL,0.23943662,1,4,5,1.64,1,2,2,12,5,6,5,8.3%,4.3%,10964,14.1,169.0,13.0,465.9,35.8,26.6%,21,12,34,28,12,3,11.1%,44.4%,55.6%,55,32.4%,54,31.8%,61,35.9%,50.5%,6,2.7,16.88,9,.15,5,.01,50.1,15.63,.14,.30,49.66,9.7%,.896,993,-0.7%,3.20,2.84,33.0,27.3,55.7,52.9,2.8,9,8,84,69,30,25,34,47,72,70,50.7%,2.7,2.4,2.27,2.46,29.6,30.5,53.4,55.8,5.3,634.15,24,26,289,296,109,101,142,167,4,0,-4,1.31,0.00,-1.31,7.4,6.6,5.4,9.9,6.3,8.9,0,0, ,0,0,0,0,0,DARRENDIETZ,Darren.Dietz
Jordan,Oesterle,EDM,D,17,0.294117647,AHL,0.367647059,0,5,5,0.96,0,3,1,20,6,11,16,0.0%,0.0%,18835,18.5,291.3,17.1,518.8,30.5,36.0%,35,20,11,41,11,5,0.0%,33.3%,33.3%,85,33.3%,88,34.5%,82,32.2%,49.1%,5,5.7,17.35,6,.49,4,-.25,50.17,16.63,-.45,-2.45,48.97,8.7%,.927,1014,1.4%,2.47,2.27,28.4,30.9,50.7,54.8,-4.1,12,11,126,139,46,50,62,66,148,146,50.3%,3.4,-1.8,2.13,2.43,28.2,31.2,53.4,60.5,3.0,789.766667,28,32,343,379,138,180,194,206,0,0,0,0.00,0.00,0.00,12.2,11.7,26.5,10.5,17.2,11.5,0,0, ,0,0,0,0,0,JORDANOESTERLE,Jordan.Oesterle
Brock,McGinn,CAR,LW,21,0.19047619,AHL,0.369863014,3,1,4,1.07,3,0,1,22,7,3,20,13.6%,9.4%,13466,10.7,217.8,10.4,800.6,38.1,21.4%,0,4,27,22,4,4,50.0%,16.7%,66.7%,59,30.4%,63,32.5%,72,37.1%,48.4%,7,-5.4,16.97,9,-1.12,13,-1.31,49.54,17.05,.20,2.79,52.38,6.3%,.838,901,-9.9%,1.65,4.96,26.2,30.6,44.4,52.9,-8.5,6,18,89,93,29,32,37,49,75,98,43.4%,-9.5,-12.3,1.83,2.18,26.0,26.5,52.7,48.8,-12.4,1018.4,31,37,410,413,200,189,253,190,5,3,-2,1.34,0.80,-0.53,6.3,9.2,7.2,5.4,10.5,7.7,0,1,0.0%,-0.01,-0.24,1,0,0,BROCKMCGINN,Brock.McGinn
Dylan,DeMelo,SJS,D,45,0.088888889,AHL,0.338461538,0,0,0,0.00,0,0,0,33,15,32,17,0.0%,0.0%,33446,12.4,551.0,12.2,1626.3,36.1,25.3%,0,35,37,71,19,7,0.0%,0.0%,0.0%,175,33.2%,139,26.4%,213,40.4%,55.7%,7,7.7,16.79,7,-.94,7,-.96,49.42,16.12,-.92,2.42,51.27,5.5%,.927,982,-1.8%,1.52,1.63,27.9,22.4,51.8,46.7,5.1,14,15,242,191,102,96,118,127,240,196,55.0%,-0.4,0.3,2.29,2.09,29.6,25.6,56.4,51.0,-0.3,2177.3,83,76,991,853,433,372,541,550,5,5,0,0.54,0.54,0.00,22.5,15.5,21.0,27.1,22.2,20.6,0,0, ,0,0,0,0,0,DYLANDEMELO,Dylan.Demelo
Dylan,McIlrath,NYR,D,34,0.117647059,AHL,0.232876712,2,2,4,0.54,2,1,1,25,18,23,14,8.0%,3.0%,26858,13.2,447.8,13.2,1193.8,35.1,27.3%,12,30,91,50,12,9,11.8%,11.8%,23.5%,102,28.2%,106,29.3%,154,42.5%,49.0%,5,-3.0,16.87,7,-1.12,7,-1.63,49.25,16.1,.57,-5.13,48.29,8.6%,.952,1038,3.8%,2.28,1.34,26.4,28.0,53.2,51.3,1.9,17,10,180,199,89,81,111,93,171,170,50.1%,1.9,5.5,2.24,2.13,27.8,28.0,53.8,53.4,1.5,1636.216667,61,58,696,706,325,302,384,390,12,1,-11,1.61,0.13,-1.47,16.4,16.6,20.9,16.5,18.2,17.1,0,0, ,0,0,0,0,0,DYLANMCILRATH,Dylan.McIlrath
Ryan,Pulock,NYI,D,15,0.266666667,AHL,0.537037037,2,2,4,1.13,2,1,1,10,9,11,1,20.0%,6.7%,12763,14.2,204.0,13.6,549.3,36.6,27.1%,7,11,13,14,5,3,15.4%,15.4%,30.8%,55,35.9%,44,28.8%,54,35.3%,55.6%,7,13.3,16.87,8,.10,5,.23,50.1,15.91,.42,-1.69,49.24,14.6%,.898,1044,4.4%,3.82,2.94,26.2,28.8,53.8,52.4,1.5,13,10,76,88,46,34,48,46,88,89,49.7%,5.9,2.0,2.79,2.39,25.4,30.8,48.6,58.5,11.3,752.416667,35,30,284,356,133,134,158,213,0,1,1,0.00,0.28,0.28,8.1,8.8,10.6,8.5,7.3,8.4,0,0, ,0,0,0,0,0,RYANPULOCK,Ryan.Pulock
Viktor,Svedberg,CHI,D,27,0.148148148,AHL,0.285714286,2,2,4,0.61,2,0,2,37,14,34,20,5.4%,2.4%,23652,14.6,393.0,14.6,903.6,33.5,30.3%,0,23,10,40,10,5,16.7%,16.7%,33.3%,116,30.1%,115,29.9%,154,40.0%,50.2%,3,-2.7,17.24,5,-.10,5,-.20,50.07,16.94,-1.66,.49,50.7,6.3%,.923,986,-1.4%,1.83,2.60,29.2,33.9,53.3,58.8,-5.5,12,17,179,205,60,74,98,89,152,184,45.2%,-6.4,-6.3,1.99,2.46,28.9,29.4,55.2,54.1,-6.6,1293.916667,43,53,581,582,208,218,358,313,2,1,-1,0.30,0.15,-0.15,14.2,18.0,13.6,13.0,13.7,15.7,0,0, ,0,0,0,0,0,VIKTORSVEDBERG,Viktor.Svedberg
Nick,Ritchie,ANA,LW,33,0.121212121,OHL,1.291666667,2,2,4,0.66,2,1,1,51,22,21,52,3.9%,2.1%,21891,11.1,362.4,11.0,1191.9,36.1,23.3%,23,10,93,40,4,8,28.6%,28.6%,57.1%,100,34.6%,81,28.0%,108,37.4%,55.2%,13,6.5,17.08,11,.27,9,-.78,49.67,17.8,.27,5.39,52.42,4.3%,.942,984,-1.6%,1.16,1.49,27.2,25.5,56.5,50.2,6.3,7,9,157,145,88,71,89,78,154,125,55.2%,0.7,-1.2,2.01,1.78,29.4,25.6,57.0,50.0,-0.7,1553.65,52,46,709,616,344,280,372,353,8,3,-5,1.32,0.49,-0.82,12.9,11.4,13.9,10.1,17.1,16.8,1,2,33.3%,-0.02,-0.73,3,0,0,NICKRITCHIE,Nicholas.Ritchie
Max,McCormick,OTT,RW/LW,20,0.2,AHL,0.333333333,2,2,4,1.16,2,0,2,34,8,9,32,5.9%,3.9%,12395,10.3,209.0,10.4,769.4,38.5,21.4%,0,10,46,19,5,8,40.0%,40.0%,80.0%,55,29.1%,53,28.0%,81,42.9%,50.9%,8,-2.3,16.82,12,-.62,13,-1.71,49.54,16.62,.41,-5.55,48.64,4.7%,.894,941,-5.9%,1.44,2.58,30.4,24.4,54.0,52.8,1.1,5,9,101,76,32,48,50,51,86,89,49.1%,-0.7,4.7,1.96,2.94,28.9,30.0,56.9,56.2,0.4,980.433333,32,48,440,442,173,195,285,233,5,1,-4,1.45,0.29,-1.16,6.9,7.5,5.5,10.6,5.9,7.2,39,36,52.0%,-0.02,1.52,20,37,18,MAXMCCORMICK,Max.McCormick
Oskar,Sundqvist,PIT,C/RW,18,0.222222222,SweHL,0.463414634,0,3,3,1.01,0,2,1,12,6,2,15,0.0%,0.0%,10646,9.9,175.7,9.8,701.0,38.9,20.0%,46,5,18,26,1,6,0.0%,75.0%,75.0%,41,29.7%,35,25.4%,62,44.9%,53.9%,11,3.2,16.78,14,-.59,16,.03,50.14,16.45,-3.27,5.08,52.54,4.4%,.944,988,-1.2%,1.37,1.71,31.1,30.4,50.9,53.3,-2.4,4,5,87,84,25,39,33,28,72,71,50.3%,-7.7,-8.5,3.01,2.39,32.1,28.5,58.0,53.1,-7.3,877.8,44,35,426,382,162,154,217,206,1,1,0,0.34,0.34,0.00,6.1,6.7,7.1,5.1,7.8,7.0,58,73,44.3%,-0.07,6.34,40,62,29,OSKARSUNDQVIST,Oskar.Sundqvist
Dave,Dziurzynski,OTT,LW,14,0.285714286,AHL,0.358974359,1,3,4,1.74,1,1,2,12,5,2,13,8.3%,5.3%,8280,9.9,140.2,10.0,529.6,37.8,20.9%,11,7,54,20,2,2,25.0%,75.0%,100.0%,22,16.7%,63,47.7%,47,35.6%,25.9%,2,-30.3,17.03,11,-.55,13,1.92,50.91,16.85,-2.09,-7.61,47.12,9.1%,.906,997,-0.3%,1.71,3.42,18.8,36.4,32.5,66.7,-34.2,4,8,40,77,12,30,20,41,41,70,36.9%,-7.6,-19.0,1.97,2.51,25.1,32.5,48.9,58.3,-24.8,669.85,22,28,258,335,104,135,162,153,2,0,-2,0.87,0.00,-0.87,3.4,6.2,3.4,4.0,5.8,5.7,3,4,42.9%,1,0,2,3,2,DAVIDDZIURZYNSKI,David.Dziurzynski
Josh,Anderson,CBJ,RW/LW,12,0.333333333,AHL,0.326923077,1,3,4,1.88,1,0,3,10,5,6,14,10.0%,4.8%,7641,10.6,125.6,10.5,454.4,37.9,21.7%,0,4,40,12,1,4,20.0%,60.0%,80.0%,30,25.6%,50,42.7%,37,31.6%,37.5%,1,-6.8,16.64,13,-.15,10,-.63,49.38,16.96,-2.03,-6.77,47.59,9.8%,.939,1037,3.7%,2.39,1.91,24.4,31.5,44.4,59.2,-14.8,5,4,46,62,18,29,24,29,51,57,47.2%,-1.8,-5.8,2.70,2.18,27.1,30.7,53.0,62.7,-5.1,578.8,26,21,235,275,109,128,141,181,1,0,-1,0.47,0.00,-0.47,4.1,5.0,4.5,3.9,4.6,5.9,0,0, ,0,0,0,0,0,JOSHANDERSON,Josh.Anderson
Casey,Nelson,BUF,D,7,0.571428571,NCAA,0.825,0,2,2,1.32,,,,,,,,0.0%,0.0%,5440,13.0,,0.0,,0.0,0.0%,0,,,,,,0.0%,0.0%,0.0%,,0.0%,,0.0%,,0.0%,0.0%,1,,,8,.76,3,.31,,,2.76,-2.64,,0.0%,.000,0,-100.0%,0.00,0.00,0.0,0.0,0.0,0.0,0.0,,,0,0,0,0,0,0,,,0.0%,,14.9,0.00,0.00,0.0,0.0,0.0,0.0,0.0,335.566667,14,11,119,138,55,70,65,78,,,0,0.00,0.00,0.00,2.8,2.7,15.0,1.8,4.3,3.7,0,0, ,0,0,0,0,0,CASEYNELSON,
Hunter,Shinkaruk,CGY,C/LW,8,0.375,AHL,0.418918919,1,0,1,0.57,1,0,0,10,7,3,15,10.0%,5.0%,6273,13.1,104.4,13.0,271.0,33.9,27.8%,0,3,8,17,2,1,100.0%,0.0%,100.0%,24,23.8%,40,39.6%,37,36.6%,37.5%,2,-13.3,17.23,8,.16,7,2.97,50.95,17.61,2.33,-2.04,49.24,2.2%,.872,894,-10.6%,0.57,2.87,25.9,22.4,48.9,50.6,-1.7,1,5,44,34,23,31,17,18,45,47,48.9%,1.8,6.2,2.65,2.82,27.7,26.5,51.9,54.6,0.9,361.633333,16,17,151,143,66,90,80,79,1,1,0,0.57,0.57,0.00,3.6,4.0,9.1,4.5,5.1,3.7,0,1,0.0%,-0.01,-1.24,1,0,0,HUNTERSHINKARUK,Hunter.Shinkaruk
Matt,Puempel,OTT,LW,26,0.115384615,AHL,0.62745098,2,1,3,0.64,2,0,1,24,11,13,30,8.3%,4.2%,16897,10.8,277.4,10.7,990.8,38.1,21.9%,0,9,18,21,5,6,28.6%,14.3%,42.9%,83,31.2%,86,32.3%,97,36.5%,49.1%,7,4.2,17.2,9,.25,9,-.27,49.75,17.62,-1.09,-6.64,48.15,5.7%,.945,1002,0.2%,1.51,2.16,26.4,39.4,49.7,67.3,-17.5,7,10,115,172,45,57,63,72,111,161,40.8%,-9.2,-11.0,2.41,1.84,28.3,31.3,52.7,58.6,-11.6,1270.8,51,39,548,624,224,246,293,333,2,1,-1,0.43,0.21,-0.21,9.5,14.8,14.2,8.5,9.4,9.8,1,1,50.0%,0.01,0.24,0,1,1,MATTPUEMPEL,Matt.Puempel
Anthony,Mantha,DET,RW/LW,10,0.3,AHL,0.532258065,0,1,1,0.62,0,0,1,16,5,3,13,0.0%,0.0%,5850,9.8,99.3,9.9,370.8,37.1,21.1%,0,3,4,6,2,4,0.0%,25.0%,25.0%,38,39.2%,19,19.6%,40,41.2%,66.7%,15,17.7,17.74,4,.54,6,.96,50.2,18.25,1.65,5.18,54.08,6.2%,.804,865,-13.5%,2.42,6.04,39.3,30.8,64.0,53.8,10.3,4,10,61,41,19,22,22,16,52,46,53.1%,5.5,2.0,2.29,3.44,29.9,29.8,56.2,51.7,5.8,470.95,18,27,217,207,103,90,103,82,1,0,-1,0.62,0.00,-0.62,5.3,4.4,5.7,6.3,4.9,3.8,0,0, ,0,0,0,0,0,ANTHONYMANTHA,Anthony.Mantha
